Workbook

Sheet grade_analysis_gender_ethnicity
A2: Diversity of Gender and Ethincity by Grade
A3: Count of grade | B3: Column Labels | U3: Count of grade | V3: Column Labels
A4: Row Labels | B4: G3 | C4: G4 | D4: G5 | E4: G6 | F4: G7 | G4: G8 | H4: G9 | I4: Grand Total | U4: Row Labels | V4: G3 | W4: G4 | X4: G5 | Y4: G6 | Z4: G7 | AA4: G8 | AB4: G9 | AC4: Grand Total
A5: Female | B5: 346 | C5: 637 | D5: 801 | E5: 561 | F5: 356 | G5: 177 | H5: 53 | I5: 2931 | U5: Asian | V5: 76 | W5: 155 | X5: 177 | Y5: 169 | Z5: 101 | AA5: 56 | AB5: 23 | AC5: 757
A6: Commercial Services | B6: 20 | C6: 37 | D6: 43 | E6: 27 | F6: 20 | G6: 4 | H6: 2 | I6: 153 | U6: Commercial Services | V6: 2 | W6: 10 | X6: 12 | Y6: 4 | Z6: 7 | AA6: 2 | AB6: 1 | AC6: 38
A7: Communications | B7: 47 | C7: 95 | D7: 122 | E7: 94 | F7: 54 | G7: 26 | H7: 10 | I7: 448 | U7: Communications | V7: 15 | W7: 28 | X7: 24 | Y7: 20 | Z7: 13 | AA7: 7 | AB7: 2 | AC7: 109
A8: Customer Services | B8: 27 | C8: 47 | D8: 60 | E8: 43 | F8: 31 | G8: 11 | H8: 3 | I8: 222 | U8: Customer Services | V8: 4 | W8: 13 | X8: 8 | Y8: 14 | Z8: 9 | AA8: 3 | AC8: 51
A9: Estates | B9: 26 | C9: 58 | D9: 53 | E9: 42 | F9: 24 | G9: 12 | H9: 8 | I9: 223 | U9: Estates | V9: 3 | W9: 12 | X9: 14 | Y9: 15 | Z9: 9 | AA9: 8 | AB9: 5 | AC9: 66
A10: Facilities | B10: 10 | C10: 32 | D10: 48 | E10: 29 | F10: 20 | G10: 11 | H10: 1 | I10: 151 | U10: Facilities | W10: 6 | X10: 6 | Y10: 7 | Z10: 4 | AA10: 3 | AC10: 26
A11: Finance | B11: 29 | C11: 42 | D11: 53 | E11: 35 | F11: 24 | G11: 13 | H11: 3 | I11: 199 | U11: Finance | V11: 7 | W11: 12 | X11: 17 | Y11: 10 | Z11: 3 | AA11: 8 | AB11: 1 | AC11: 58
A12: HR | B12: 36 | C12: 60 | D12: 62 | E12: 51 | F12: 35 | G12: 19 | H12: 2 | I12: 265 | U12: HR | V12: 4 | W12: 7 | X12: 12 | Y12: 14 | Z12: 12 | AA12: 4 | AC12: 53
A13: IT Services | B13: 27 | C13: 30 | D13: 50 | E13: 50 | F13: 24 | G13: 14 | H13: 2 | I13: 197 | U13: IT Services | V13: 4 | W13: 16 | X13: 11 | Y13: 13 | Z13: 11 | AA13: 3 | AB13: 1 | AC13: 59
A14: Legal and Governance | B14: 25 | C14: 40 | D14: 44 | E14: 30 | F14: 22 | G14: 14 | H14: 7 | I14: 182 | U14: Legal and Governance | V14: 10 | W14: 12 | X14: 7 | Y14: 14 | Z14: 9 | AA14: 2 | AB14: 1 | AC14: 55
A15: Marketing | B15: 20 | C15: 30 | D15: 52 | E15: 25 | F15: 13 | G15: 11 | H15: 4 | I15: 155 | U15: Marketing | V15: 7 | W15: 5 | X15: 7 | Y15: 9 | Z15: 2 | AA15: 3 | AB15: 5 | AC15: 38
A16: Planning | B16: 13 | C16: 26 | D16: 37 | E16: 23 | F16: 19 | G16: 7 | H16: 1 | I16: 126 | U16: Planning | V16: 2 | W16: 6 | X16: 12 | Y16: 11 | Z16: 3 | AC16: 34
A17: Procurement | B17: 8 | C17: 26 | D17: 28 | E17: 21 | F17: 12 | G17: 2 | I17: 97 | U17: Procurement | V17: 2 | W17: 5 | X17: 3 | Y17: 10 | Z17: 3 | AA17: 3 | AB17: 1 | AC17: 27
A18: Research and Development | B18: 18 | C18: 35 | D18: 52 | E18: 26 | F18: 20 | G18: 9 | H18: 2 | I18: 162 | U18: Research and Development | V18: 2 | W18: 7 | X18: 16 | Y18: 6 | Z18: 3 | AA18: 3 | AB18: 4 | AC18: 41
A19: Sales | B19: 37 | C19: 73 | D19: 86 | E19: 55 | F19: 32 | G19: 22 | H19: 7 | I19: 312 | U19: Sales | V19: 13 | W19: 13 | X19: 24 | Y19: 14 | Z19: 10 | AA19: 5 | AB19: 2 | AC19: 81
A20: Security | B20: 3 | C20: 6 | D20: 11 | E20: 10 | F20: 6 | G20: 2 | H20: 1 | I20: 39 | U20: Security | V20: 1 | W20: 3 | X20: 4 | Y20: 8 | Z20: 3 | AA20: 2 | AC20: 21
A21: Male | B21: 232 | C21: 445 | D21: 668 | E21: 712 | F21: 476 | G21: 285 | H21: 121 | I21: 2939 | U21: Black | V21: 35 | W21: 73 | X21: 105 | Y21: 80 | Z21: 39 | AA21: 32 | AB21: 12 | AC21: 376
A22: Commercial Services | B22: 8 | C22: 18 | D22: 39 | E22: 43 | F22: 21 | G22: 16 | H22: 5 | I22: 150 | U22: Commercial Services | V22: 1 | W22: 5 | X22: 10 | Y22: 6 | Z22: 2 | AA22: 3 | AC22: 27
A23: Communications | B23: 35 | C23: 55 | D23: 98 | E23: 79 | F23: 66 | G23: 23 | H23: 16 | I23: 372 | U23: Communications | V23: 4 | W23: 10 | X23: 16 | Y23: 11 | Z23: 7 | AA23: 4 | AB23: 2 | AC23: 54
A24: Customer Services | B24: 11 | C24: 33 | D24: 39 | E24: 54 | F24: 30 | G24: 23 | H24: 7 | I24: 197 | U24: Customer Services | V24: 3 | W24: 2 | X24: 6 | Y24: 8 | Z24: 1 | AA24: 2 | AB24: 1 | AC24: 23
A25: Estates | B25: 17 | C25: 38 | D25: 69 | E25: 62 | F25: 42 | G25: 24 | H25: 14 | I25: 266 | U25: Estates | V25: 4 | W25: 3 | X25: 9 | Y25: 10 | Z25: 3 | AA25: 1 | AB25: 1 | AC25: 31
A26: Facilities | B26: 10 | C26: 18 | D26: 35 | E26: 35 | F26: 22 | G26: 16 | H26: 7 | I26: 143 | U26: Facilities | V26: 4 | W26: 4 | X26: 3 | Z26: 2 | AB26: 1 | AC26: 14
A27: Finance | B27: 8 | C27: 27 | D27: 39 | E27: 42 | F27: 32 | G27: 19 | H27: 6 | I27: 173 | U27: Finance | W27: 6 | X27: 6 | Y27: 4 | Z27: 1 | AA27: 2 | AB27: 1 | AC27: 20
A28: HR | B28: 16 | C28: 26 | D28: 30 | E28: 31 | F28: 30 | G28: 8 | H28: 5 | I28: 146 | U28: HR | V28: 6 | W28: 3 | X28: 5 | Y28: 3 | Z28: 2 | AA28: 2 | AB28: 1 | AC28: 22
A29: IT Services | B29: 31 | C29: 64 | D29: 77 | E29: 83 | F29: 59 | G29: 36 | H29: 10 | I29: 360 | U29: IT Services | V29: 2 | W29: 8 | X29: 13 | Y29: 7 | Z29: 5 | AA29: 5 | AB29: 1 | AC29: 41
A30: Legal and Governance | B30: 14 | C30: 23 | D30: 36 | E30: 51 | F30: 38 | G30: 11 | H30: 6 | I30: 179 | U30: Legal and Governance | W30: 4 | X30: 3 | Y30: 6 | Z30: 5 | AA30: 1 | AC30: 19
A31: Marketing | B31: 10 | C31: 16 | D31: 25 | E31: 38 | F31: 20 | G31: 13 | H31: 5 | I31: 127 | U31: Marketing | V31: 2 | W31: 5 | X31: 8 | Y31: 4 | Z31: 2 | AA31: 1 | AC31: 22
A32: Planning | B32: 17 | C32: 17 | D32: 29 | E32: 39 | F32: 17 | G32: 18 | H32: 4 | I32: 141 | U32: Planning | W32: 4 | X32: 8 | Y32: 4 | Z32: 2 | AA32: 2 | AC32: 20
A33: Procurement | B33: 7 | C33: 20 | D33: 23 | E33: 29 | F33: 16 | G33: 16 | H33: 6 | I33: 117 | U33: Procurement | W33: 1 | X33: 3 | Y33: 2 | Z33: 2 | AA33: 3 | AC33: 11
A34: Research and Development | B34: 8 | C34: 15 | D34: 29 | E34: 21 | F34: 23 | G34: 19 | H34: 5 | I34: 120 | U34: Research and Development | V34: 3 | W34: 2 | X34: 7 | Y34: 4 | Z34: 2 | AA34: 1 | AB34: 1 | AC34: 20
A35: Sales | B35: 29 | C35: 48 | D35: 71 | E35: 63 | F35: 42 | G35: 34 | H35: 17 | I35: 304 | U35: Sales | V35: 6 | W35: 10 | X35: 6 | Y35: 6 | Z35: 2 | AA35: 4 | AB35: 3 | AC35: 37
A36: Security | B36: 11 | C36: 27 | D36: 29 | E36: 42 | F36: 18 | G36: 9 | H36: 8 | I36: 144 | U36: Security | W36: 6 | X36: 2 | Y36: 5 | Z36: 1 | AA36: 1 | AC36: 15
A37: Other | B37: 16 | C37: 30 | D37: 36 | E37: 24 | F37: 16 | G37: 6 | H37: 2 | I37: 130 | U37: Mixed | V37: 23 | W37: 49 | X37: 80 | Y37: 71 | Z37: 54 | AA37: 26 | AB37: 4 | AC37: 307
A38: Commercial Services | B38: 1 | C38: 1 | D38: 1 | E38: 1 | F38: 2 | I38: 6 | U38: Commercial Services | V38: 1 | X38: 5 | Y38: 5 | AB38: 1 | AC38: 12
A39: Communications | B39: 1 | C39: 4 | D39: 1 | E39: 5 | F39: 4 | I39: 15 | U39: Communications | V39: 5 | W39: 5 | X39: 7 | Y39: 10 | Z39: 9 | AA39: 5 | AB39: 1 | AC39: 42
A40: Customer Services | B40: 1 | C40: 1 | D40: 6 | E40: 1 | F40: 1 | I40: 10 | U40: Customer Services | W40: 7 | X40: 7 | Y40: 3 | Z40: 6 | AA40: 1 | AC40: 24
A41: Estates | B41: 2 | D41: 3 | E41: 1 | F41: 2 | G41: 1 | I41: 9 | U41: Estates | V41: 1 | W41: 3 | X41: 8 | Y41: 5 | Z41: 2 | AA41: 5 | AC41: 24
A42: Facilities | B42: 1 | C42: 1 | D42: 3 | E42: 1 | F42: 2 | I42: 8 | U42: Facilities | V42: 1 | W42: 2 | X42: 8 | Y42: 6 | Z42: 5 | AA42: 1 | AB42: 1 | AC42: 24
A43: Finance | B43: 1 | C43: 5 | D43: 2 | E43: 3 | G43: 2 | I43: 13 | U43: Finance | V43: 1 | W43: 5 | X43: 5 | Y43: 4 | Z43: 4 | AA43: 3 | AC43: 22
A44: HR | C44: 1 | D44: 1 | E44: 2 | I44: 4 | U44: HR | V44: 1 | W44: 5 | X44: 2 | Z44: 6 | AC44: 14
A45: IT Services | B45: 2 | C45: 5 | D45: 5 | E45: 3 | F45: 1 | G45: 1 | I45: 17 | U45: IT Services | V45: 5 | W45: 2 | X45: 7 | Y45: 8 | Z45: 4 | AA45: 3 | AC45: 29
A46: Legal and Governance | B46: 1 | C46: 3 | D46: 3 | F46: 1 | I46: 8 | U46: Legal and Governance | V46: 1 | W46: 3 | X46: 7 | Y46: 5 | Z46: 5 | AC46: 21
A47: Marketing | C47: 1 | D47: 2 | E47: 3 | F47: 1 | H47: 1 | I47: 8 | U47: Marketing | V47: 2 | W47: 1 | X47: 3 | Y47: 6 | Z47: 2 | AA47: 1 | AC47: 15
A48: Planning | C48: 4 | D48: 1 | I48: 5 | U48: Planning | W48: 3 | X48: 3 | Y48: 1 | Z48: 2 | AA48: 3 | AC48: 12
A49: Procurement | C49: 2 | D49: 1 | I49: 3 | U49: Procurement | V49: 1 | W49: 3 | X49: 6 | Y49: 5 | AB49: 1 | AC49: 16
A50: Research and Development | B50: 2 | D50: 1 | E50: 3 | F50: 1 | H50: 1 | I50: 8 | U50: Research and Development | V50: 2 | W50: 2 | X50: 4 | Z50: 2 | AC50: 10
A51: Sales | B51: 3 | D51: 6 | E51: 1 | F51: 1 | G51: 1 | I51: 12 | U51: Sales | V51: 2 | W51: 7 | X51: 8 | Y51: 8 | Z51: 6 | AA51: 4 | AC51: 35
A52: Security | B52: 1 | C52: 2 | G52: 1 | I52: 4 | U52: Security | W52: 1 | Y52: 5 | Z52: 1 | AC52: 7
A53: Grand Total | B53: 594 | C53: 1112 | D53: 1505 | E53: 1297 | F53: 848 | G53: 468 | H53: 176 | I53: 6000 | U53: Other | V53: 16 | W53: 40 | X53: 54 | Y53: 53 | Z53: 37 | AA53: 14 | AB53: 8 | AC53: 222
U54: Commercial Services | W54: 2 | X54: 1 | Z54: 3 | AC54: 6
U55: Communications | V55: 3 | W55: 6 | X55: 9 | Y55: 5 | Z55: 4 | AA55: 3 | AB55: 3 | AC55: 33
U56: Customer Services | V56: 1 | W56: 3 | X56: 1 | Y56: 7 | Z56: 5 | AA56: 1 | AC56: 18
U57: Estates | V57: 1 | W57: 4 | X57: 4 | Y57: 7 | Z57: 2 | AC57: 18
U58: Facilities | W58: 1 | X58: 7 | Y58: 3 | AA58: 2 | AB58: 1 | AC58: 14
U59: Finance | V59: 2 | W59: 2 | X59: 2 | Y59: 3 | Z59: 3 | AA59: 1 | AB59: 1 | AC59: 14
U60: HR | W60: 3 | X60: 3 | Y60: 2 | Z60: 1 | AC60: 9
U61: IT Services | V61: 2 | W61: 3 | X61: 6 | Y61: 5 | Z61: 1 | AA61: 3 | AC61: 20
U62: Legal and Governance | V62: 1 | W62: 4 | X62: 5 | Y62: 2 | Z62: 6 | AA62: 1 | AB62: 1 | AC62: 20
U63: Marketing | W63: 1 | X63: 3 | Y63: 2 | AA63: 1 | AC63: 7
U64: Planning | V64: 1 | X64: 2 | Y64: 3 | Z64: 3 | AC64: 9
U65: Procurement | W65: 2 | X65: 3 | Y65: 3 | Z65: 3 | AB65: 1 | AC65: 12
U66: Research and Development | V66: 2 | W66: 3 | X66: 3 | Y66: 5 | Z66: 3 | AC66: 16
U67: Sales | V67: 3 | W67: 5 | X67: 4 | Y67: 3 | Z67: 2 | AA67: 1 | AB67: 1 | AC67: 19
U68: Security | W68: 1 | X68: 1 | Y68: 3 | Z68: 1 | AA68: 1 | AC68: 7
U69: White | V69: 444 | W69: 795 | X69: 1089 | Y69: 924 | Z69: 617 | AA69: 340 | AB69: 129 | AC69: 4338
U70: Commercial Services | V70: 25 | W70: 39 | X70: 55 | Y70: 56 | Z70: 31 | AA70: 15 | AB70: 5 | AC70: 226
U71: Communications | V71: 56 | W71: 105 | X71: 165 | Y71: 132 | Z71: 91 | AA71: 30 | AB71: 18 | AC71: 597
U72: Customer Services | V72: 31 | W72: 56 | X72: 83 | Y72: 66 | Z72: 41 | AA72: 27 | AB72: 9 | AC72: 313
U73: Estates | V73: 36 | W73: 74 | X73: 90 | Y73: 68 | Z73: 52 | AA73: 23 | AB73: 16 | AC73: 359
U74: Facilities | V74: 16 | W74: 38 | X74: 62 | Y74: 49 | Z74: 33 | AA74: 21 | AB74: 5 | AC74: 224
U75: Finance | V75: 28 | W75: 49 | X75: 64 | Y75: 59 | Z75: 45 | AA75: 20 | AB75: 6 | AC75: 271
U76: HR | V76: 41 | W76: 69 | X76: 71 | Y76: 65 | Z76: 44 | AA76: 21 | AB76: 6 | AC76: 317
U77: IT Services | V77: 47 | W77: 70 | X77: 95 | Y77: 103 | Z77: 63 | AA77: 37 | AB77: 10 | AC77: 425
U78: Legal and Governance | V78: 28 | W78: 43 | X78: 61 | Y78: 54 | Z78: 36 | AA78: 21 | AB78: 11 | AC78: 254
U79: Marketing | V79: 19 | W79: 35 | X79: 58 | Y79: 45 | Z79: 28 | AA79: 18 | AB79: 5 | AC79: 208
U80: Planning | V80: 27 | W80: 34 | X80: 42 | Y80: 43 | Z80: 26 | AA80: 20 | AB80: 5 | AC80: 197
... U85: Grand Total | V85: 594 | W85: 1112 | X85: 1505 | Y85: 1297 | Z85: 848 | AA85: 468 | AB85: 176 | AC85: 6000

Sheet diversity_gender
A3: Count of staff_id | B3: Column Labels
A4: Row Labels | B4: Female | C4: Male | D4: Other | E4: Grand Total
A5: Commercial Services | B5: 153 | C5: 150 | D5: 6 | E5: 309
A6: Communications | B6: 448 | C6: 372 | D6: 15 | E6: 835
A7: Customer Services | B7: 222 | C7: 197 | D7: 10 | E7: 429
A8: Estates | B8: 223 | C8: 266 | D8: 9 | E8: 498
A9: Facilities | B9: 151 | C9: 143 | D9: 8 | E9: 302
A10: Finance | B10: 199 | C10: 173 | D10: 13 | E10: 385
A11: HR | B11: 265 | C11: 146 | D11: 4 | E11: 415
A12: IT Services | B12: 197 | C12: 360 | D12: 17 | E12: 574
A13: Legal and Governance | B13: 182 | C13: 179 | D13: 8 | E13: 369
A14: Marketing | B14: 155 | C14: 127 | D14: 8 | E14: 290
A15: Planning | B15: 126 | C15: 141 | D15: 5 | E15: 272
A16: Procurement | B16: 97 | C16: 117 | D16: 3 | E16: 217
... A20: Grand Total | B20: 2931 | C20: 2939 | D20: 130 | E20: 6000

Sheet diversity_ethnicity
A3: Count of staff_id | B3: Column Labels | J3: Count of staff_id | K3: Column Labels
A4: Row Labels | B4: Asian | C4: Black | D4: Mixed | E4: Other | F4: White | G4: Grand Total | J4: Row Labels | K4: Asian | L4: Black | M4: Mixed | N4: Other | O4: White | P4: Grand Total
A5: Commercial Services | B5: 38 | C5: 27 | D5: 12 | E5: 6 | F5: 226 | G5: 309 | J5: IT Services | K5: 59 | L5: 41 | M5: 29 | N5: 20 | O5: 425 | P5: 574
A6: Communications | B6: 109 | C6: 54 | D6: 42 | E6: 33 | F6: 597 | G6: 835 | J6: Grand Total | K6: 59 | L6: 41 | M6: 29 | N6: 20 | O6: 425 | P6: 574
A7: Customer Services | B7: 51 | C7: 23 | D7: 24 | E7: 18 | F7: 313 | G7: 429
A8: Estates | B8: 66 | C8: 31 | D8: 24 | E8: 18 | F8: 359 | G8: 498
A9: Facilities | B9: 26 | C9: 14 | D9: 24 | E9: 14 | F9: 224 | G9: 302
A10: Finance | B10: 58 | C10: 20 | D10: 22 | E10: 14 | F10: 271 | G10: 385
A11: HR | B11: 53 | C11: 22 | D11: 14 | E11: 9 | F11: 317 | G11: 415
A12: IT Services | B12: 59 | C12: 41 | D12: 29 | E12: 20 | F12: 425 | G12: 574
A13: Legal and Governance | B13: 55 | C13: 19 | D13: 21 | E13: 20 | F13: 254 | G13: 369
A14: Marketing | B14: 38 | C14: 22 | D14: 15 | E14: 7 | F14: 208 | G14: 290
A15: Planning | B15: 34 | C15: 20 | D15: 12 | E15: 9 | F15: 197 | G15: 272
A16: Procurement | B16: 27 | C16: 11 | D16: 16 | E16: 12 | F16: 151 | G16: 217
A17: Research and Development | B17: 41 | C17: 20 | D17: 10 | E17: 16 | F17: 203 | G17: 290
A18: Sales | B18: 81 | C18: 37 | D18: 35 | E18: 19 | F18: 456 | G18: 628
... A20: Grand Total | B20: 757 | C20: 376 | D20: 307 | E20: 222 | F20: 4338 | G20: 6000

Sheet diversity_total_org_pay
A1: Total Pay by Gender | G1: Total Pay by Ethincity
A2: Row Labels | B2: Sum of salary | G2: Row Labels | H2: Sum of salary
A3: Female | B3: 110217000 | G3: Asian | H3: 29634000
A4: Male | B4: 121465500 | G4: Black | H4: 14678000
A5: Other | B5: 4803000 | G5: Mixed | H5: 12305500
A6: Grand Total | B6: 236485500 | G6: Other | H6: 8904000
G7: White | H7: 170964000
G8: Grand Total | H8: 236485500

Sheet staff_master
A1: staff_id | B1: department | C1: grade | D1: contract_type | E1: fte | F1: start_date | G1: last_promotion_date | H1: gender | I1: ethnicity | J1: exit_date | K1: salary
A2: S00001 | B2: Sales | C2: G4 | D2: Fixed-term | E2: 1 | F2: 43745 | H2: Male | I2: White | J2: 44609 | K2: =_xlfn.XLOOKUP(C2,grade_salaries!A:A,grade_salaries!B:B) -> 28500
A3: S00002 | B3: IT Services | C3: G6 | D3: Permanent | E3: 1 | F3: 29/10/201GG3 | H3: Male | I3: White | K3: =_xlfn.XLOOKUP(C3,grade_salaries!A:A,grade_salaries!B:B) -> 42000
A4: S00003 | B4: Sales | C4: G4 | D4: Fixed-term | E4: 0.82 | F4: 40373 | H4: Female | I4: White | J4: GG31/0GG3/2018 | K4: =_xlfn.XLOOKUP(C4,grade_salaries!A:A,grade_salaries!B:B) -> 28500
A5: S00004 | B5: Customer Services | C5: G6 | D5: Permanent | E5: 1 | F5: 43286 | H5: Male | I5: Other | K5: =_xlfn.XLOOKUP(C5,grade_salaries!A:A,grade_salaries!B:B) -> 42000
A6: S00005 | B6: HR | C6: G4 | D6: Permanent | E6: 1 | F6: 41965 | G6: 43790 | H6: Female | I6: White | K6: =_xlfn.XLOOKUP(C6,grade_salaries!A:A,grade_salaries!B:B) -> 28500
A7: S00006 | B7: Legal and Governance | C7: G5 | D7: Permanent | E7: 0.41 | F7: 24/0GG3/2020 | H7: Female | I7: Mixed | K7: =_xlfn.XLOOKUP(C7,grade_salaries!A:A,grade_salaries!B:B) -> 33500
A8: S00007 | B8: Planning | C8: G3 | D8: Fixed-term | E8: 0.46 | F8: 44402 | H8: Female | I8: White | K8: =_xlfn.XLOOKUP(C8,grade_salaries!A:A,grade_salaries!B:B) -> 25000
A9: S00008 | B9: Customer Services | C9: G7 | D9: Permanent | E9: 1 | F9: 07/05/201GG3 | H9: Female | I9: White | K9: =_xlfn.XLOOKUP(C9,grade_salaries!A:A,grade_salaries!B:B) -> 51000
A10: S00009 | B10: Customer Services | C10: G9 | D10: Permanent | E10: 1 | F10: 42760 | H10: Female | I10: White | K10: =_xlfn.XLOOKUP(C10,grade_salaries!A:A,grade_salaries!B:B) -> 70000
A11: S00010 | B11: Customer Services | C11: G6 | D11: Permanent | E11: 1 | F11: 11/10/201GG3 | G11: 42653 | H11: Male | I11: White | K11: =_xlfn.XLOOKUP(C11,grade_salaries!A:A,grade_salaries!B:B) -> 42000
A12: S00011 | B12: Facilities | C12: G4 | D12: Permanent | E12: 1 | F12: 42504 | H12: Male | I12: White | K12: =_xlfn.XLOOKUP(C12,grade_salaries!A:A,grade_salaries!B:B) -> 28500
A13: S00012 | B13: Communications | C13: G5 | D13: Permanent | E13: 1 | F13: 24/0GG3/2015 | H13: Female | I13: White | K13: =_xlfn.XLOOKUP(C13,grade_salaries!A:A,grade_salaries!B:B) -> 33500
A14: S00013 | B14: HR | C14: G8 | D14: Permanent | E14: 1 | F14: 44719 | H14: Female | I14: White | K14: =_xlfn.XLOOKUP(C14,grade_salaries!A:A,grade_salaries!B:B) -> 63000
A15: S00014 | B15: Communications | C15: G8 | D15: Permanent | E15: 1 | F15: 40881 | H15: Female | I15: Asian | K15: =_xlfn.XLOOKUP(C15,grade_salaries!A:A,grade_salaries!B:B) -> 63000
A16: S00015 | B16: IT Services | C16: G6 | D16: Permanent | E16: 1 | F16: 41068 | H16: Male | I16: White | K16: =_xlfn.XLOOKUP(C16,grade_salaries!A:A,grade_salaries!B:B) -> 42000
A17: S00016 | B17: Sales | C17: G3 | D17: Permanent | E17: 1 | F17: 43402 | G17: 44497 | H17: Male | I17: White | K17: =_xlfn.XLOOKUP(C17,grade_salaries!A:A,grade_salaries!B:B) -> 25000
A18: S00017 | B18: Finance | C18: G5 | D18: Permanent | E18: 1 | F18: 40976 | H18: Male | I18: Black | K18: =_xlfn.XLOOKUP(C18,grade_salaries!A:A,grade_salaries!B:B) -> 33500
A19: S00018 | B19: Estates | C19: G3 | D19: Permanent | E19: 1 | F19: 42215 | H19: Female | I19: White | K19: =_xlfn.XLOOKUP(C19,grade_salaries!A:A,grade_salaries!B:B) -> 25000
A20: S00019 | B20: Estates | C20: G5 | D20: Fixed-term | E20: 1 | F20: 41372 | G20: 42832 | H20: Other | I20: White | K20: =_xlfn.XLOOKUP(C20,grade_salaries!A:A,grade_salaries!B:B) -> 33500
A21: S00020 | B21: Estates | C21: G7 | D21: Permanent | E21: 0.45 | F21: 40090 | H21: Female | I21: Mixed | K21: =_xlfn.XLOOKUP(C21,grade_salaries!A:A,grade_salaries!B:B) -> 51000
A22: S00021 | B22: IT Services | C22: G5 | D22: Permanent | E22: 1 | F22: 42204 | H22: Female | I22: White | K22: =_xlfn.XLOOKUP(C22,grade_salaries!A:A,grade_salaries!B:B) -> 33500
A23: S00022 | B23: Commercial Services | C23: G5 | D23: Fixed-term | E23: 1 | F23: 40695 | G23: 41790 | H23: Female | I23: Mixed | K23: =_xlfn.XLOOKUP(C23,grade_salaries!A:A,grade_salaries!B:B) -> 33500
A24: S00023 | B24: Marketing | C24: G7 | D24: Permanent | E24: 1 | F24: 45333 | H24: Female | I24: White | K24: =_xlfn.XLOOKUP(C24,grade_salaries!A:A,grade_salaries!B:B) -> 51000
A25: S00024 | B25: Security | C25: G6 | D25: Permanent | E25: 1 | F25: 39855 | H25: Male | I25: White | K25: =_xlfn.XLOOKUP(C25,grade_salaries!A:A,grade_salaries!B:B) -> 42000
A26: S00025 | B26: Procurement | C26: G5 | D26: Permanent | E26: 0.2 | F26: 43619 | H26: Male | I26: White | K26: =_xlfn.XLOOKUP(C26,grade_salaries!A:A,grade_salaries!B:B) -> 33500
A27: S00026 | B27: Finance | C27: G6 | D27: Permanent | E27: 1 | F27: 40722 | H27: Male | I27: White | K27: =_xlfn.XLOOKUP(C27,grade_salaries!A:A,grade_salaries!B:B) -> 42000
A28: S00027 | B28: Procurement | C28: G6 | D28: Fixed-term | E28: 0.23 | F28: 43470 | H28: Female | I28: Asian | K28: =_xlfn.XLOOKUP(C28,grade_salaries!A:A,grade_salaries!B:B) -> 42000
A29: S00028 | B29: Communications | C29: G7 | D29: Permanent | E29: 1 | F29: 41747 | H29: Male | I29: White | K29: =_xlfn.XLOOKUP(C29,grade_salaries!A:A,grade_salaries!B:B) -> 51000
A30: S00029 | B30: Communications | C30: G7 | D30: Permanent | E30: 1 | F30: 42511 | H30: Female | I30: White | J30: 43877 | K30: =_xlfn.XLOOKUP(C30,grade_salaries!A:A,grade_salaries!B:B) -> 51000
A31: S00030 | B31: Research and Development | C31: G5 | D31: Permanent | E31: 0.77 | F31: 40532 | H31: Female | I31: Asian | K31: =_xlfn.XLOOKUP(C31,grade_salaries!A:A,grade_salaries!B:B) -> 33500
A32: S00031 | B32: Sales | C32: G7 | D32: Permanent | E32: 1 | F32: 44745 | H32: Female | I32: White | K32: =_xlfn.XLOOKUP(C32,grade_salaries!A:A,grade_salaries!B:B) -> 51000
A33: S00032 | B33: Estates | C33: G6 | D33: Permanent | E33: 0.61 | F33: 45010 | H33: Male | I33: Black | K33: =_xlfn.XLOOKUP(C33,grade_salaries!A:A,grade_salaries!B:B) -> 42000
A34: S00033 | B34: Security | C34: G7 | D34: Fixed-term | E34: 0.86 | F34: 44698 | H34: Male | I34: White | J34: 45416 | K34: =_xlfn.XLOOKUP(C34,grade_salaries!A:A,grade_salaries!B:B) -> 51000
A35: S00034 | B35: Estates | C35: G4 | D35: Fixed-term | E35: 1 | F35: 41287 | H35: Female | I35: Asian | K35: =_xlfn.XLOOKUP(C35,grade_salaries!A:A,grade_salaries!B:B) -> 28500
A36: S00035 | B36: Customer Services | C36: G5 | D36: Permanent | E36: 0.25 | F36: 44731 | H36: Female | I36: Asian | K36: =_xlfn.XLOOKUP(C36,grade_salaries!A:A,grade_salaries!B:B) -> 33500
A37: S00036 | B37: Finance | C37: G5 | D37: Fixed-term | E37: 1 | F37: 41950 | G37: 43410 | H37: Male | I37: White | K37: =_xlfn.XLOOKUP(C37,grade_salaries!A:A,grade_salaries!B:B) -> 33500
A38: S00037 | B38: Security | C38: G6 | D38: Permanent | E38: 0.48 | F38: 44540 | H38: Male | I38: White | K38: =_xlfn.XLOOKUP(C38,grade_salaries!A:A,grade_salaries!B:B) -> 42000
A39: S00038 | B39: IT Services | C39: G8 | D39: Permanent | E39: 1 | F39: 43633 | H39: Male | I39: White | K39: =_xlfn.XLOOKUP(C39,grade_salaries!A:A,grade_salaries!B:B) -> 63000
A40: S00039 | B40: Facilities | C40: G7 | D40: Permanent | E40: 1 | F40: 41920 | H40: Female | I40: Mixed | K40: =_xlfn.XLOOKUP(C40,grade_salaries!A:A,grade_salaries!B:B) -> 51000
A41: S00040 | B41: Sales | C41: G5 | D41: Permanent | E41: 1 | F41: 42822 | G41: 44647 | H41: Male | I41: White | K41: =_xlfn.XLOOKUP(C41,grade_salaries!A:A,grade_salaries!B:B) -> 33500
A42: S00041 | B42: Sales | C42: G7 | D42: Permanent | E42: 1 | F42: 40057 | H42: Male | I42: White | K42: =_xlfn.XLOOKUP(C42,grade_salaries!A:A,grade_salaries!B:B) -> 51000
A43: S00042 | B43: Procurement | C43: G5 | D43: Permanent | E43: 1 | F43: 40896 | H43: Male | I43: White | J43: 41769 | K43: =_xlfn.XLOOKUP(C43,grade_salaries!A:A,grade_salaries!B:B) -> 33500
A44: S00043 | B44: Estates | C44: G6 | D44: Fixed-term | E44: 0.38 | F44: 40612 | H44: Male | I44: White | K44: =_xlfn.XLOOKUP(C44,grade_salaries!A:A,grade_salaries!B:B) -> 42000
A45: S00044 | B45: Legal and Governance | C45: G7 | D45: Permanent | E45: 0.74 | F45: 44842 | H45: Male | I45: Black | K45: =_xlfn.XLOOKUP(C45,grade_salaries!A:A,grade_salaries!B:B) -> 51000
A46: S00045 | B46: Sales | C46: G7 | D46: Permanent | E46: 1 | F46: 41500 | H46: Male | I46: Asian | J46: 43840 | K46: =_xlfn.XLOOKUP(C46,grade_salaries!A:A,grade_salaries!B:B) -> 51000
A47: S00046 | B47: IT Services | C47: G5 | D47: Permanent | E47: 1 | F47: 41121 | H47: Male | I47: White | K47: =_xlfn.XLOOKUP(C47,grade_salaries!A:A,grade_salaries!B:B) -> 33500
A48: S00047 | B48: Communications | C48: G5 | D48: Permanent | E48: 1 | F48: 44856 | H48: Female | I48: White | K48: =_xlfn.XLOOKUP(C48,grade_salaries!A:A,grade_salaries!B:B) -> 33500
A49: S00048 | B49: Commercial Services | C49: G5 | D49: Fixed-term | E49: 1 | F49: 43409 | H49: Male | I49: Black | K49: =_xlfn.XLOOKUP(C49,grade_salaries!A:A,grade_salaries!B:B) -> 33500
A50: S00049 | B50: Facilities | C50: G6 | D50: Permanent | E50: 0.38 | F50: 44627 | H50: Female | I50: White | K50: =_xlfn.XLOOKUP(C50,grade_salaries!A:A,grade_salaries!B:B) -> 42000
A51: S00050 | B51: Estates | C51: G8 | D51: Permanent | E51: 1 | F51: 41442 | H51: Male | I51: White | K51: =_xlfn.XLOOKUP(C51,grade_salaries!A:A,grade_salaries!B:B) -> 63000
A52: S00051 | B52: Communications | C52: G4 | D52: Permanent | E52: 1 | F52: 39724 | G52: 40819 | H52: Female | I52: Asian | J52: 42590 | K52: =_xlfn.XLOOKUP(C52,grade_salaries!A:A,grade_salaries!B:B) -> 28500
A53: S00052 | B53: Commercial Services | C53: G4 | D53: Permanent | E53: 1 | F53: 40608 | G53: 42068 | H53: Male | I53: Asian | K53: =_xlfn.XLOOKUP(C53,grade_salaries!A:A,grade_salaries!B:B) -> 28500
A54: S00053 | B54: Legal and Governance | C54: G8 | D54: Permanent | E54: 1 | F54: 44280 | H54: Female | I54: White | K54: =_xlfn.XLOOKUP(C54,grade_salaries!A:A,grade_salaries!B:B) -> 63000
A55: S00054 | B55: Commercial Services | C55: G5 | D55: Fixed-term | E55: 0.78 | F55: 40532 | G55: 42357 | H55: Female | I55: White | K55: =_xlfn.XLOOKUP(C55,grade_salaries!A:A,grade_salaries!B:B) -> 33500
A56: S00055 | B56: Planning | C56: G5 | D56: Permanent | E56: 0.63 | F56: 42264 | G56: 44454 | H56: Female | I56: Other | K56: =_xlfn.XLOOKUP(C56,grade_salaries!A:A,grade_salaries!B:B) -> 33500
A57: S00056 | B57: Communications | C57: G7 | D57: Permanent | E57: 1 | F57: 44164 | H57: Male | I57: White | K57: =_xlfn.XLOOKUP(C57,grade_salaries!A:A,grade_salaries!B:B) -> 51000
A58: S00057 | B58: Procurement | C58: G4 | D58: Fixed-term | E58: 1 | F58: 44606 | H58: Female | I58: White | K58: =_xlfn.XLOOKUP(C58,grade_salaries!A:A,grade_salaries!B:B) -> 28500
A59: S00058 | B59: Customer Services | C59: G6 | D59: Permanent | E59: 0.81 | F59: 42917 | H59: Male | I59: White | K59: =_xlfn.XLOOKUP(C59,grade_salaries!A:A,grade_salaries!B:B) -> 42000
A60: S00059 | B60: Commercial Services | C60: G3 | D60: Fixed-term | E60: 1 | F60: 42859 | H60: Female | I60: White | K60: =_xlfn.XLOOKUP(C60,grade_salaries!A:A,grade_salaries!B:B) -> 25000
A61: S00060 | B61: IT Services | C61: G7 | D61: Permanent | E61: 0.37 | F61: 43343 | H61: Male | I61: White | K61: =_xlfn.XLOOKUP(C61,grade_salaries!A:A,grade_salaries!B:B) -> 51000
A62: S00061 | B62: Sales | C62: G4 | D62: Fixed-term | E62: 1 | F62: 41914 | H62: Female | I62: White | K62: =_xlfn.XLOOKUP(C62,grade_salaries!A:A,grade_salaries!B:B) -> 28500
A63: S00062 | B63: Legal and Governance | C63: G7 | D63: Permanent | E63: 1 | F63: 45391 | H63: Male | I63: White | K63: =_xlfn.XLOOKUP(C63,grade_salaries!A:A,grade_salaries!B:B) -> 51000
A64: S00063 | B64: HR | C64: G3 | D64: Permanent | E64: 0.77 | F64: 45253 | H64: Male | I64: White | K64: =_xlfn.XLOOKUP(C64,grade_salaries!A:A,grade_salaries!B:B) -> 25000
A65: S00064 | B65: IT Services | C65: G3 | D65: Fixed-term | E65: 1 | F65: 42769 | G65: 43864 | H65: Female | I65: White | K65: =_xlfn.XLOOKUP(C65,grade_salaries!A:A,grade_salaries!B:B) -> 25000
A66: S00065 | B66: Finance | C66: G5 | D66: Permanent | E66: 1 | F66: 42675 | G66: 44865 | H66: Male | I66: Mixed | K66: =_xlfn.XLOOKUP(C66,grade_salaries!A:A,grade_salaries!B:B) -> 33500
A67: S00066 | B67: Commercial Services | C67: G4 | D67: Permanent | E67: 1 | F67: 43151 | G67: 44611 | H67: Female | I67: Black | K67: =_xlfn.XLOOKUP(C67,grade_salaries!A:A,grade_salaries!B:B) -> 28500
A68: S00067 | B68: Research and Development | C68: G4 | D68: Permanent | E68: 1 | F68: 43706 | G68: 45531 | H68: Female | I68: White | K68: =_xlfn.XLOOKUP(C68,grade_salaries!A:A,grade_salaries!B:B) -> 28500
A69: S00068 | B69: Communications | C69: G6 | D69: Permanent | E69: 1 | F69: 43567 | H69: Female | I69: White | K69: =_xlfn.XLOOKUP(C69,grade_salaries!A:A,grade_salaries!B:B) -> 42000
A70: S00069 | B70: Finance | C70: G4 | D70: Permanent | E70: 1 | F70: 44488 | H70: Male | I70: Asian | K70: =_xlfn.XLOOKUP(C70,grade_salaries!A:A,grade_salaries!B:B) -> 28500
A71: S00070 | B71: Sales | C71: G5 | D71: Permanent | E71: 1 | F71: 43322 | H71: Female | I71: White | K71: =_xlfn.XLOOKUP(C71,grade_salaries!A:A,grade_salaries!B:B) -> 33500
A72: S00071 | B72: Communications | C72: G5 | D72: Permanent | E72: 1 | F72: 44334 | H72: Female | I72: White | K72: =_xlfn.XLOOKUP(C72,grade_salaries!A:A,grade_salaries!B:B) -> 33500
A73: S00072 | B73: Sales | C73: G9 | D73: Permanent | E73: 1 | F73: 44608 | H73: Male | I73: White | K73: =_xlfn.XLOOKUP(C73,grade_salaries!A:A,grade_salaries!B:B) -> 70000
A74: S00073 | B74: Estates | C74: G5 | D74: Permanent | E74: 1 | F74: 42651 | H74: Female | I74: White | J74: 43011 | K74: =_xlfn.XLOOKUP(C74,grade_salaries!A:A,grade_salaries!B:B) -> 33500
A75: S00074 | B75: Marketing | C75: G9 | D75: Permanent | E75: 1 | F75: 42947 | H75: Male | I75: White | J75: 45070 | K75: =_xlfn.XLOOKUP(C75,grade_salaries!A:A,grade_salaries!B:B) -> 70000
A76: S00075 | B76: IT Services | C76: G6 | D76: Fixed-term | E76: 1 | F76: 42727 | G76: 44187 | H76: Male | I76: Asian | K76: =_xlfn.XLOOKUP(C76,grade_salaries!A:A,grade_salaries!B:B) -> 42000
A77: S00076 | B77: Estates | C77: G4 | D77: Fixed-term | E77: 1 | F77: 40239 | G77: 42064 | H77: Female | I77: White | K77: =_xlfn.XLOOKUP(C77,grade_salaries!A:A,grade_salaries!B:B) -> 28500
A78: S00077 | B78: Commercial Services | C78: G4 | D78: Permanent | E78: 0.68 | F78: 42311 | H78: Female | I78: Asian | K78: =_xlfn.XLOOKUP(C78,grade_salaries!A:A,grade_salaries!B:B) -> 28500
A79: S00078 | B79: Security | C79: G6 | D79: Permanent | E79: 1 | F79: 41792 | H79: Male | I79: White | K79: =_xlfn.XLOOKUP(C79,grade_salaries!A:A,grade_salaries!B:B) -> 42000
A80: S00079 | B80: Marketing | C80: G5 | D80: Fixed-term | E80: 1 | F80: 42169 | H80: Male | I80: White | K80: =_xlfn.XLOOKUP(C80,grade_salaries!A:A,grade_salaries!B:B) -> 33500
A81: S00080 | B81: Estates | C81: G4 | D81: Permanent | E81: 0.89 | F81: 45122 | H81: Female | I81: Black | K81: =_xlfn.XLOOKUP(C81,grade_salaries!A:A,grade_salaries!B:B) -> 28500
A82: S00081 | B82: Marketing | C82: G6 | D82: Fixed-term | E82: 1 | F82: 44787 | H82: Male | I82: White | J82: 45254 | K82: =_xlfn.XLOOKUP(C82,grade_salaries!A:A,grade_salaries!B:B) -> 42000
A83: S00082 | B83: Finance | C83: G7 | D83: Permanent | E83: 0.86 | F83: 43304 | H83: Male | I83: Other | K83: =_xlfn.XLOOKUP(C83,grade_salaries!A:A,grade_salaries!B:B) -> 51000
A84: S00083 | B84: Procurement | C84: G6 | D84: Fixed-term | E84: 1 | F84: 39483 | H84: Female | I84: White | K84: =_xlfn.XLOOKUP(C84,grade_salaries!A:A,grade_salaries!B:B) -> 42000
A85: S00084 | B85: Commercial Services | C85: G6 | D85: Permanent | E85: 1 | F85: 40264 | H85: Female | I85: White | K85: =_xlfn.XLOOKUP(C85,grade_salaries!A:A,grade_salaries!B:B) -> 42000
A86: S00085 | B86: Customer Services | C86: G4 | D86: Permanent | E86: 1 | F86: 43193 | G86: 45383 | H86: Male | I86: White | K86: =_xlfn.XLOOKUP(C86,grade_salaries!A:A,grade_salaries!B:B) -> 28500
A87: S00086 | B87: Finance | C87: G5 | D87: Permanent | E87: 1 | F87: 41279 | H87: Female | I87: Mixed | K87: =_xlfn.XLOOKUP(C87,grade_salaries!A:A,grade_salaries!B:B) -> 33500
A88: S00087 | B88: Security | C88: G9 | D88: Permanent | E88: 1 | F88: 45645 | H88: Male | I88: White | K88: =_xlfn.XLOOKUP(C88,grade_salaries!A:A,grade_salaries!B:B) -> 70000
A89: S00088 | B89: Sales | C89: G5 | D89: Permanent | E89: 1 | F89: 45443 | H89: Female | I89: White | J89: 45655 | K89: =_xlfn.XLOOKUP(C89,grade_salaries!A:A,grade_salaries!B:B) -> 33500
A90: S00089 | B90: Planning | C90: G3 | D90: Permanent | E90: 0.67 | F90: 42882 | H90: Male | I90: White | K90: =_xlfn.XLOOKUP(C90,grade_salaries!A:A,grade_salaries!B:B) -> 25000
A91: S00090 | B91: Planning | C91: G6 | D91: Permanent | E91: 1 | F91: 40593 | H91: Female | I91: White | K91: =_xlfn.XLOOKUP(C91,grade_salaries!A:A,grade_salaries!B:B) -> 42000
A92: S00091 | B92: Procurement | C92: G3 | D92: Permanent | E92: 0.71 | F92: 44286 | H92: Female | I92: White | K92: =_xlfn.XLOOKUP(C92,grade_salaries!A:A,grade_salaries!B:B) -> 25000
A93: S00092 | B93: IT Services | C93: G8 | D93: Permanent | E93: 1 | F93: 45443 | H93: Male | I93: White | K93: =_xlfn.XLOOKUP(C93,grade_salaries!A:A,grade_salaries!B:B) -> 63000
A94: S00093 | B94: Commercial Services | C94: G8 | D94: Permanent | E94: 1 | F94: 45577 | H94: Male | I94: White | K94: =_xlfn.XLOOKUP(C94,grade_salaries!A:A,grade_salaries!B:B) -> 63000
A95: S00094 | B95: Facilities | C95: G6 | D95: Permanent | E95: 1 | F95: 44752 | H95: Male | I95: White | K95: =_xlfn.XLOOKUP(C95,grade_salaries!A:A,grade_salaries!B:B) -> 42000
A96: S00095 | B96: Security | C96: G4 | D96: Permanent | E96: 1 | F96: 44920 | H96: Male | I96: White | K96: =_xlfn.XLOOKUP(C96,grade_salaries!A:A,grade_salaries!B:B) -> 28500
A97: S00096 | B97: Marketing | C97: G4 | D97: Fixed-term | E97: 1 | F97: 40776 | H97: Male | I97: White | K97: =_xlfn.XLOOKUP(C97,grade_salaries!A:A,grade_salaries!B:B) -> 28500
A98: S00097 | B98: Procurement | C98: G8 | D98: Permanent | E98: 1 | F98: 44877 | H98: Male | I98: White | K98: =_xlfn.XLOOKUP(C98,grade_salaries!A:A,grade_salaries!B:B) -> 63000
A99: S00098 | B99: Commercial Services | C99: G7 | D99: Permanent | E99: 1 | F99: 43744 | H99: Female | I99: White | K99: =_xlfn.XLOOKUP(C99,grade_salaries!A:A,grade_salaries!B:B) -> 51000
A100: S00099 | B100: Commercial Services | C100: G7 | D100: Permanent | E100: 1 | F100: 41236 | G100: 43061 | H100: Female | I100: Other | K100: =_xlfn.XLOOKUP(C100,grade_salaries!A:A,grade_salaries!B:B) -> 51000
...

Sheet grade_salaries
A1: grade | B1: salary
A2: G3 | B2: 25000
A3: G4 | B3: 28500
A4: G5 | B4: 33500
A5: G6 | B5: 42000
A6: G7 | B6: 51000
A7: G8 | B7: 63000
A8: G9 | B8: 70000
